{
    "allocations": [-1, 2, 3, 2, 0, 1, 0, 1, 2, 3],
    "obj": 168.0000000000001,
    "sequences_set": [
        [0, 4, 6],
        [0, 7, 5],
        [0, 1, 3, 8],
        [0, 2, 9]
    ],
    "time": 8.14749402400048
}
